user_id,Years of Employment,No of Open Source Projects Contribution,Stars on Github Repo,Active on Twitter,Active on Reddit,Active on Instagram,Active on Stackoverflow,No of Friends working at Org (prior to joining Org),No of Friends working at Competitor,Working at Org
0,0,1,800,0,0,0,1,2,3,1
1,2,3,24,0,1,1,1,3,9,0
2,1,2,82,1,0,0,1,2,9,0
3,5,0,0,0,1,0,1,4,28,0
4,8,0,0,1,0,0,0,6,3,0
5,2,0,0,0,0,0,0,2,5,0
6,4,0,0,0,1,1,1,0,2,0
7,6,2,40,1,0,0,0,0,24,0
8,4,0,0,0,1,0,1,4,2,0
9,8,2,420,1,0,1,0,2,0,1
10,2,3,2500,0,0,1,1,1,1,1
11,9,0,0,1,0,0,1,3,4,1
12,10,0,0,0,1,0,0,0,5,0
13,14,2,108,0,0,1,0,1,24,0
14,2,1,200,1,0,0,1,2,2,0
15,5,3,820,0,1,0,1,0,4,1
16,3,0,0,1,0,0,0,0,1,0
17,6,1,14,0,0,1,1,0,9,1
18,4,1,82,1,1,0,0,3,1,0
19,8,0,0,0,0,0,1,2,7,1
20,2,1,34,0,0,0,0,9,2,0